id,name,jumlah_terjual,tahun,bulan
21016,Wrangler Men's Cowboy Cut Western Jean,5,2024,8
20428,LRG Core Collection Track Jacket - Black,5,2024,7
25920,Tommy Hilfiger Men's 5 Pack Tank Tee,5,2023,12
7526,BB Dakota Juniors Suki Jacket,4,2024,8
20780,Levi's Men's Light Weight Straight Leg Twill Pant,4,2024,8
9523,Paul Frank Women's Julius Hoody Sweatshirt,4,2024,8
22780,Carhartt Men's Denim Work Short,4,2024,8
3747,Skelapparel 50's Black and White Polka Dot Party Swing Dress,4,2024,8
25899,Dockers Men's 2-Pack Boxer Brief,4,2024,8
21625,Lucky Brand Mens Dean Jean,4,2024,8
19311,COOGI Authentic Crew Sweater.,4,2024,8
25220,Stance Men's Seminole Socks,4,2024,8
6999,Ed Garments Women's Classic Cut Pleated Twill Short. 8419,4,2024,8
23181,Quiksilver Waterman Men's Sunset Beach Walkshort,4,2024,8
21270,Affliction-Men Jeans Cooper Raw Edge Vseam Embroidered Anchorage Boot Leg,4,2024,8
21230,Tommy Bahama Steven Park Classic Jeans,4,2024,8
23498,Quiksilver Men's Soft Pack Stretch Jean Shorts Gray 104101-GRY,4,2024,8
28181,Oneill Men's Triumph Hybrid,4,2024,8
23223,Quiksilver Waterman Men's Plantation 2 Walkshort,4,2024,8
5292,Jones New York Women's Side Zipper Pant,4,2024,7
15085,Bosom Bandit breast support wrap breast binder suppress lactation,4,2024,7
21629,Armani Jeans J07 regular fit dark indigo denim jean O6J07 6E AJM0002,4,2024,7
24362,Canada Goose Men's Lodge Jacket,4,2024,7
28667,DC Men's Clap Beanie,4,2024,7
24246,Boston Harbour Men's Button Front Walker Jacket,4,2024,7
20308,Lauren by Ralph Lauren Jackets Black Solid,4,2024,7
2838,prAna Women's Sydney Sweater Dress,4,2024,7
23549,Wrangler Men's Sarasota Agility Short,4,2024,7
15072,A Pea in the Pod Collection: BCBG Long Sleeve Exposed Zipper Maternity Dress,4,2024,7
6438,Mango Women's Cotton-Twill Chino Shorts - Chino7,4,2024,7
17411,Aeropostale Mens Sweatshirt Crew Sweatshirt - Style 2065,4,2024,7
18380,Adidas Men's Athletic Full Zip 50/50 Hoodie,4,2024,7
24855,Thorlo Unisex Tennis Crew Sock Level 2,4,2024,7
17852,Affliction Motor Club 73 Slim Fit Hoodie - Silver Gray Oil Stain,4,2024,7
17650,Tie Dye Mania Retro swirl tie-dye heavyweight pullover hoodie sweatshirt,4,2024,7
28096,Body Glove Men's Voodoo Fluro Boardshort,4,2024,7
18660,Dickies Men's Steel Toe Crew,4,2024,6
26060,Smartwool Men's Microweight Boxers,4,2024,6
19052,SmartWool Howelsen 1/2-Zip Sweater - Men's,4,2024,6
14801,A Pea in the Pod: Sleeveless V-neck Rib Knit Maternity Sleep Top,4,2024,6
2403,Volcom Women's Head Trip Utility Jacket,4,2024,6
15830,Metro Fleece Ear Warmers,4,2024,6
20034,Elie Tahari Mens 2 Button Flat Front Charcoal Gray Pinstripe Wool Suit,4,2024,6
2173,Ed Hardy Womens Lounge Koi Heather Hoodie - Grey - X-Small,4,2024,6
21857,Columbia Men's Lander Pant,4,2024,5
27769,Hugo Boss Starfish Swim Shorts Turquoise,4,2024,5
151,Myne Women's Demi Blouse,4,2024,5
22149,Haggar Mens Multi Bead Stripe Plain Front Suit Pant,4,2024,5
23449,Club Room Solid India Ink Cargo Shorts,4,2024,5
3651,Designer Long Evening Rhinestone Prom Party Gown,4,2024,5
18522,Jerzees 4528 Super Sweats 50/50 Quarter-Zip Pullover,4,2024,4
8942,Nine West Women's Argyle Print and Solid Flat Knit 3 Pair Knee High Pack Socks,4,2024,4
11573,New Full 11 Ruffle Drawstring Bridal Petticoat Wedding Gown Slip (112DS),4,2024,4
19481,Perry Ellis Men's Long Sleeve Soild Merino V-Neck Sweater,4,2024,4
11814,Bella Ladies Cotton/Spandex Spaghetti Strap Camisole Top Tee T-Shirt - Red,4,2024,4
2338,Allegra K Women Long Sleeve Zipper Super Cute Bowknot Decor Hoodie Coat White XS,4,2024,3
24858,Fox River Wick Dry Triathlon Quarter  Crew Sock,4,2024,3
28925,Timberland Men's Overdyed Cotton Web Belt,4,2024,3
14460,The Olian 5pc. Nursing Pj Gift Box Set.,4,2024,3
19553,Scotch & Soda Men's Knitted Cardigan,4,2024,2
23264,Burnside Men's Growl Burnside Chino Short,4,2024,2
24944,point6 Hiking Tech Medium Cushion Mini Crew Socks,4,2024,2
5759,Anna-Kaci S/M Fit Multicolored Punk Rock Skull Head Pattern Leggings Tights,4,2024,1
15518,Cashmere Blend Striped Socks Crew 7 Colors Available Womens Soft and Warm Perfect Gift Item,4,2024,1
2282,Planet Earth Spent Women's Fullzip Hoodie Plum Sz M,4,2024,1
10162,PJ Salvage Hearts Flannel PJ Set (HEAPJ1),4,2023,12
26952,State O Maine Big & Tall Basic Seersucker Kimono Robe,4,2023,12
20181,Mens Dress Vest Purple Paisleys Formal Vest for Wedding Gift Set Match Necktie for Men Cufflinks Handkerchief Patterned Bow Tie for Suit Y&G VS1018,4,2023,12
28962,Spy Optic Hielo Wrap Sunglasses,4,2023,11
18647,Minus33 Merino Wool Sock 903 Day Hiker Socks,4,2023,10
14888,Ripe Maternity Women's Maternity Alexis Dress,4,2023,10
24710,Injinji Performance Midweight No Show Sock,4,2023,10
12513,Laura Black High Quality Strapless Bra Bikini SET #SL101084 Made in Colombia,4,2022,12
22211,True Religion Men's Mens Cargo Poplin Pant,3,2024,8
17558,RVCA Men's Way Holmer Sweat Shirt,3,2024,8
900,Tommy Hilfiger Women Logo Classic Cardigan Sweater,3,2024,8
24663,Dr. Scholl's Men's 2-Pk Diabetes and Circulatory Sock,3,2024,8
27965,Diesel Grommet Stripe Swim Short 00CG58PWY,3,2024,8
27420,Hurley Young Men's Hurley One and Only Solid Boardshort,3,2024,8
19130,Paul Fredrick Silk Cotton \ Cashmere Mock Collar Sweater,3,2024,8
14573,Allegra K Pregnant Woman Scoop Neck Stripes Pattern Sweater Black White L,3,2024,8
26423,American Apparel Organic Baby Rib Boxer Brief,3,2024,8
27405,Nautica Men's 30 Year Sailing Cross Trunk,3,2024,8
15765,ASSETS by Sara Blakely Terrific Tights 158B,3,2024,8
27808,DC Men's Scramble Engineered Novelty Print Board Short,3,2024,8
8214,Evan Picone Water Color Skirt Suit,3,2024,8
29070,100% Silk Woven Brown Lavender and Rust Hendrix Paisley Self-Tie Bow Tie,3,2024,8
28019,Metal Mulisha Unruly 4-Way Stretch Boardshort - Black/Red,3,2024,8
28494,Ray Ban Sunglasses RB 3030 Outdoorsman,3,2024,8
8056,Sutton Studio Womens Black Leopard Silk Blend 3 Piece Quilted Outfit Set Petite,3,2024,8
26992,Nautica Men's Hobson Plaid Sleep Pant,3,2024,8
27713,parke & ronen Men's Colorblock Ibiza Brief,3,2024,8
4373,Levi's Juniors 524 Styled Skinny Complement Jean,3,2024,8
21119,Wrangler Men's Genuine Loose Fit Jean,3,2024,8
21527,True Religion Men's Geno Phoenix Slim Jean,3,2024,8
18758,Callaway Men's Flat Front Solid Short,3,2024,8
28702,Outdoor Research Men's PL 150 Gloves,3,2024,8
19950,Tommy Hilfiger Mens Trim Fit Gray Pinstripe Wool Suit,3,2024,8
20666,Carhartt Men's Washed Denim Double Front Jean,3,2024,8
3712,Ladies Plus Size Taupe Open Back Tunic Sweater Dress,3,2024,8
9925,The Cat's Pajamas Pink Polar Bears Women's Cotton Flannel Pajama,3,2024,8
10002,Women's Satin Caftan Silver with Black Hurricane Print Plus Size Up2date Fashion Style#Caf-41,3,2024,8
22277,American Apparel Stretch Twill Slim Slack Lite,3,2024,8
14056,Plaid Scarf Tan,3,2024,8
13851,Wool Beret- Red,3,2024,8
7295,Womens Silk Wrap Around Indian Skirt Elegant India Apparel (Multicolor One Size),3,2024,8
1024,Design History Women's Allover Sequins Hi Lo Sweater,3,2024,8
19233,Ben Sherman Men's Cable Shawl Collar Cardigan,3,2024,8
27291,Chaps Men's (S-XXL) Short Sleeve Jersey V-Neck/Knit Pant Sleep Set,3,2024,8
10979,Naturals Seamfree Hi Cut,3,2024,8
3875,Allegra K Women Zipper Closure Back Sleeveless Zip up Lace Mini Dress White M,3,2024,8
21630,7 For All Mankind Men's Austyn Relaxed Straight Leg Jean,3,2024,8
20358,Port Authority J754S Safety Challenger Jacket,3,2024,8
10789,Low Rise Break Away G-String Ultra Sexy Front Cut Out Y Back-57y,3,2024,8
28913,TopTie Mens Black & White Checkerboard Pre-Tied Satin Formal Bow Tie,3,2024,8
22563,Bullhead Mens Gravels Slim Chino Antique Bronze Pants,3,2024,8
25159,Sock It To Me Anchors Knee High Sock,3,2024,8
16355,Harley-DavidsonÂ® Men's Black Label #1 HDMC Long Sleeve Ride 2 Live T-Shirt. 302917340,3,2024,8
28326,Levi's Men's Casual Belt,3,2024,8
25748,Crinkle Silk Boxers for Men by Royal Silk - 7 Colors - White Red Black Orange Grey Light Blue Purple,3,2024,8
17698,Vans Penant Zip Snowboard Hoodie Black Mens,3,2024,8
7252,Anne Klein Women's Missy Yoke Skirt,3,2024,8
2406,Billabong Women's Fleece Zip Up Hoodie Cherry 617740-CHY,3,2024,8
28624,Columbia Men's M Silver Ii Ridge Ball Cap,3,2024,8
8734,Tommy Hilfiger Women's Leather Jacket,3,2024,8
27279,Woven Plaid Big & Tall Lounge Pants,3,2024,8
21619,Citizens of Humanity Sid Straight Leg Jean in Nigel,3,2024,8
17805,Ed Hardy Mens Tattoo Hooded Sweater -Grey,3,2024,8
18846,Calvin Klein Jeans Men's Long-Sleeve Half-Zip Sweater,3,2024,8
462,Fox Juniors Radient Long Sleeve Henley Shirt,3,2024,8
5252,Neon Buddha Women's Sassy Ruched Leg Capri,3,2024,8
3839,Kensie Women's Sheer Viscose Dress,3,2024,8
26972,I Sea Spots Pink and White Polka Dot VIP Flannel Pants for lounging sleep sports. Unisex relaxed fit,3,2024,8
19147,Devon & Jones D475 Mens V-Neck Sweater,3,2024,8
18192,Champion P2170 Cotton Max Pants,3,2024,8
13790,Alki'i Braided Neon Aviator warm beanie snowboarding winter snow hats -4 colors,3,2024,8
8739,Allegra K Ladies Round Neck Split Side Cutting Two Button Up Front Coat Army Green S,3,2024,8
6911,Level 99 Women's Kylie Patch Pocket Short,3,2024,8
12845,Cloris Murphy Sexy Black Fringed Tassel Triangle Bikini Halter Top & Scrunch Bottom Swimwear Bathing Suit BN913BK M & L size Black,3,2024,8
3805,O'Neill Juniors Spirit Within Hi Low Hem Dress,3,2024,8
867,ROMEO & JULIET COUTURE Cable Knit Turtleneck Sweater [RJ26588],3,2024,8
8319,Canada Goose Women's Mystique,3,2024,8
27479,Speedo Men's Off The Grid Endurance Plus Brief Swimsuit,3,2024,8
17238,TRUKFIT The Letter Fleece Jacket,3,2024,8
8587,Miss Sixty Women's Ashley Jacket,3,2024,8
5158,Collections Etc - Solid Casual Knit Pant,3,2024,8
16,2B Paradise Breeze Button Down Tank,3,2024,8
811,Fashion Womens Boyfriend Pocket Cardigan Shrug Sweater,3,2024,8
18681,Icebreaker Men's Legacy Hood,3,2024,8
25324,Wigwam F1073 Double Sole Crew,3,2024,8
4371,Lee Women's Comfort Waist Marian Bootcut Jean,3,2024,8
12246,Push Up Bra with Cheeky Panty 2 Piece Set Jr A B or C Cups,3,2024,8
21818,ExOfficio Men's Nio Amphi Regular Length Pant,3,2024,8
9371,Ymid Select Women's Punk Lace Starry Footless Leggings Tights,3,2024,8
24571,Smartwool NEW PhD Ultra Light Crew with ReliaWool,3,2024,8
28158,Cocksox Swim Bikini CX02,3,2024,8
10358,Felina Women's Harlow Demi Unlined Bra,3,2024,8
6562,Ladies Black Button Strap Shorts,3,2024,8
6409,Dockers Women's Cargo Skooter,3,2024,8
4512,TEXTILE Elizabeth and James Women's Jimi Distressed Jean,3,2024,8
22200,Allegra K Mens Casual Sporty Hip Hop Harem Baggy Sport Sweat Pants Trousers Gray W31,3,2024,8
15675,Buxton Heiress ConvertibleÂ® Billfold,3,2024,8
16137,Tommy Hilfiger Men Classic Fit T-shirt,3,2024,8
14611,NOM Women's Maternity Julie Dress,3,2024,8
575,Tri-Mountain Women's Ruffle Trim Stylish Woven Shirt. LB733,3,2024,8
22426,Polo Ralph Lauren Mens Green Wool Flannel Pants Flat Front Italian Fabric,3,2024,8
5404,Sanctuary Clothing Women's Soho Chino Pant,3,2024,8
23394,IZOD Men's Flat Front Belted Short (Rose 32),3,2024,8
15416,Gold Toe Women's Microfiber Trouser 3 Pack,3,2024,8
16149,Arrow Men's Wrinkle Free Poplin Solid Long Sleeve Shirt,3,2024,8
23080,Men's Plain Front Short Red Kap,3,2024,8
719,Bella Ladies 3.1 oz. Burnout Long-Sleeve T-Shirt - WHITE - S,3,2024,8
26867,Diamond Knit Big & Tall Lounge Pants,3,2024,8
17555,Fox Men's Legendary Track Jacket,3,2024,8
24806,NFL Green Bay Packers Men's Sherpa Slide Slippers,3,2024,8
28133,Gotcha Men's Mini Repeat Boardshort,3,2024,8
20939,7 For All Mankind Men's The Brett Modern Bootcut Jean,3,2024,8
9906,Kensie Women's Pajama Top Boxer PJ Set,3,2024,8
23132,Modern Culture Men's Multi Pocket Cargo Short,3,2024,8
27834,Hurley Blue Orange and Gray Stagger Board Shorts,3,2024,8
22241,Savane Men's Flat Front No-Iron Twill Pant,3,2024,8
15256,Ray-Ban Aviator Sunglasses,3,2024,8
16547,Harley-DavidsonÂ® Men's Gray HDMC Knee Keep In Iron Long Sleeve T-Shirt. Graphics Front and Back. All Cotton. 302917280,3,2024,8
20028,Michael Kors Mens 2 Button Gray Silk Wool Sport Coat Jacket Blazer,3,2024,8
13132,Gottex Women's Nomadic Traveler Molded Cup Bandeau,3,2024,8
21109,ALPINESTARS Men's Vagabond Denim Jean,3,2024,8
3972,Black V-Neck Hoodie Sweater Dress,3,2024,8
3046,SportHill Women's Traverse II Pant,3,2024,8
14518,Maternal America Women's Maternity Original Front Tie Dress,3,2024,8
26510,Nautica Mens Sultan Stripe Woven Short,3,2024,8
13139,Tankini Multi Colored Top & Black Shorts Bottom,3,2024,8
3592,Allegra K Women Sexy Pullover Strapless Tube Mini Dress Dark Blue XS,3,2024,8
26684,Superman All Over Print Logo Mens Blue Sleep Pant,3,2024,8
1377,Ladies Purple Long Sleeve Thermal Top Crew Neck,3,2024,8
13189,Melissa Odabash Women's Berlin One Piece Gold Oval Clasp Swimsuit,3,2024,8
3016,Champion Gotta Have Mesh Capri,3,2024,8
20112,G-Star Men's Cl New Blazer,3,2024,8
13123,Sons of Anarchy SAMCRO Black Bikini Bathing Suit Set,3,2024,8
15123,Underworks Maternity Pelvic and Back Support Girdle with Varicosity Belt,3,2024,8
21673,Dockers Men's Easy D3 Classic Fit Pleated Khaki Pant,3,2024,8
23696,Carhartt Men's Sandstone Traditional Jacket,3,2024,8
26101,Fruit of the Loom Men's 4 pack low rise collection fashion ringer boxer brief,3,2024,8
25884,Hanro Men's Micro Touch Boxer Brief,3,2024,8
17432,Volcom Men's Lagger Slim,3,2024,8
11799,Hanro Women's Cotton Superior Lace Top,3,2024,8
19160,Paul Fredrick Silk Cotton \ Cashmere Argyle Crew Sweater,3,2024,8
9608,Shadowline Silhouette Gown and Peignoir Set (51737),3,2024,8
21660,Dockers Mens Comfort Waist Khaki D3 Classic Fit Flat Front Pant,3,2024,8
27468,Speedo Men's Fashion Xtra Life Lycra Solid Striped Shoreline Square Leg Swimsuit,3,2024,8
16623,CH580 Chestnut Hill Men's Performance Plus Oxford,3,2024,8
23634,Kenneth Cole Men's Double Pocket Zip Jacket,3,2024,8
8347,Mountain Hardwear Women's Runoff Jacket,3,2024,8
27569,2XU Men's Swimmers Compression Long Sleeve Top,3,2024,7
25582,American Apparel Baby Rib Brief,3,2024,7
23352,Vans Geary Shorts Black Mens,3,2024,7
24348,Allegra K Mens Single Breasted Button-tab Solid Color Four Pockets Casual Coat Black S,3,2024,7
20780,Levi's Men's Light Weight Straight Leg Twill Pant,3,2024,7
21829,Allegra K Men Drawstring Waist Baggy Pockets Trousers Sports Pants W31,3,2024,7
9756,Hot Chillys Women's MTF 4000 Jewel Neck Top,3,2024,7
29034,Oakley Big Taco Oversized Polarized Sunglasses,3,2024,7
19966,Haggar Mens Enterprise Micro Grid 2 Button Side Vent Suit Coat,3,2024,7
21693,Dickies Men's Young Adult Sized Flat Front Pant,3,2024,7
27733,O'Neill Murca American Flag Beer Pong Boardshorts,3,2024,7
513,Bella Ladies 6.5 oz. Cotton/Spandex Camisole - WHITE - S,3,2024,7
19175,Armani Exchange Patterned Shawl Collar Sweater,3,2024,7
28081,Speedo Men's Team Collection Starring Pixel Mesh Drag Swimsuit,3,2024,7
9770,Printed Flannel Gown - Women's Sizes,3,2024,7
17287,Original Penguin Men's In Time,3,2024,7
5611,Allegra K Women Crochet Decor Waist Zip Fly Casual Pants Khaki Color XS,3,2024,7
18528,ExOfficio BugsAway Purdom Vented Hiker Sock,3,2024,7
478,Allegra K Ladies Turtle Neck Turn Down Collar Wrap Back Cable Blouse Drak Gray XS,3,2024,7
11008,Bali Women's Microfiber Damask Brief Panty,3,2024,7
23202,True Religion Brand Jeans Men's Samuel Cargo Shorts Light Blue,3,2024,7
4943,7 For All Mankind Women's Zipper Details Skinny Jean in Alluring Night,3,2024,7
4878,KUT from the Kloth Women's Farrah Baby Boot,3,2024,7
20700,7 For All Mankind Men's Austyn Relaxed Straight Leg Denim Jean,3,2024,7
26621,Nautica Men's Terry Lined Sand Trap Robe,3,2024,7
22773,True Religion Jeans Newport Medium Wash Mens Denim Jean Shorts,3,2024,7
10658,Wacoal Women's Plus-Size Alluring Full Figure Underwire,3,2024,7
1122,Roxy Juniors Let Loose,3,2024,7
4936,Calvin Klein Jeans Women's Jegging,3,2024,7
1398,Lauren Jeans Co By Ralph Lauren Women's Pullover Designer Knit Sweater Black,3,2024,7
5845,'Sexy Legs' Exotic Print Fashion Leggings,3,2024,7
27693,Volcom Maguro Stripe Board Short - Men's,3,2024,7
20050,Tommy Hilfiger Men's Flat Front Sharkskin Pant,3,2024,7
19941,DKNY Mens 3 Button Solid Dark Navy Blue Military Wool Sport Coat Jacket,3,2024,7
27571,Hurley Men's BP Fuse Boardshort,3,2024,7
440,Patty Women Unique Bolero Style Button Embellished Long Sleeve Party Blouse Top,3,2024,7
12895,Sexy Two Piece Bandeau Ruched Brazilian Bikini Swimsuit,3,2024,7
16794,Polo Ralph Lauren Classic-Fit Tattersall Oxford,3,2024,7
13663,Fox River Fingerless Ragg Glove,3,2024,7
27017,HUGO BOSS Men's Sleepwear Modal Short,3,2024,7
7275,IGIGI by Yuliya Raquel Plus Size Monroe Skirt in Navy Blue,3,2024,7
26185,Munsingwear - Mens 3 Pack Mid Rise Brief White 21191,3,2024,7
23616,Volcom Vaulted Short,3,2024,7
26846,Majestic International Men's Monterey Long Sleeve Pajama,3,2024,7
28582,Men's 'Apollo' Sensor TouchTM TouchscreenÂ® Leather Gloves By Grandoe,3,2024,7
19995,DKNY Mens 2 Button Gray Plaid Slim Fit Wool Sport Coat Jacket,3,2024,7
21939,Calvin Klein Sportswear Men's Birdseye Pattern Dylan Pant,3,2024,7
22650,Allegra K Mens NEW Fashion Casual Front Slant Pockets Formfitting Straight Pants Off White W31,3,2024,7
5743,Levi's Women's Sateen Legging,3,2024,7
13630,JiMarti JM01 Sunglasses for Golf Fishing Cycling-Unbreakable-... Frame,3,2024,7
3089,Tommy Hilfiger Women's Zip Front Fleece Jacket,3,2024,7
348,Little Convertible Dress or Skirt 8 Different Looks Made in USA Sizes S M or L,3,2024,7
10516,Natori Women's Reflex Full Fit Underwire Bra,3,2024,7
17219,IZOD Men's Long Sleeve Solid Crewneck Tee,3,2024,7
468,Karen Kane Women's Keyhole Lace Top,3,2024,7
2722,Beyond Yoga Women's Knee Length Legging,3,2024,7
18065,ExOfficio Men's Give-N-Go Boxer,3,2024,7
9215,VH Apparel - Whatever It Takes Charity - Joss Stone Shea Butter And Vitamin E Infused Quarter High Chenille Socks - Black/Artwork,3,2024,7
19673,Barbour Storm Half Zip Sweater Navy,3,2024,7
3082,Beyond Yoga Women's Original Cami,3,2024,7
10608,Hanes Everyday Classic Underwire 2-Pack Bra # H446,3,2024,7
26250,Majestic International Men's Herringbone Stripe Jacquard Boxer,3,2024,7
2021,Paul Frank Mall Punk Julius Mp3 Player Hoodie,3,2024,7
161,Signiture Womens Black Studded Cross Vest Top,3,2024,7
11986,Betsey Johnson Women's Chiffon Babydoll With Peekaboo Lace,3,2024,7
29072,BG College Multi Stripe Color Woven Tie Collection,3,2024,7
10168,Only Necessities Plus Size 2-pack sleeveless tricot night gown,3,2024,7
19616,NEW ARRIVAL PERUVIAN ALPACA WOOL MENS GOLF CARDIGAN BUTTONS AND POCKETS VNECK BABY BLUE WARM & SOFT,3,2024,7
25050,HUF: Plantlife Socks,3,2024,7
27897,Reyn Spooner Men's Island Living Surf Short,3,2024,7
8719,Mountain Hardwear Women's Windrush Jacket,3,2024,7
18765,Adidas Men's Basketball 3-Stripes Pant,3,2024,7
26360,Hanes Men's 3 Pack Comfort Stretch Short Leg Boxer Brief,3,2024,7
12694,Nubra Seamless Super Light Adhesive Bra C Cup Mocha,3,2024,7
13210,Tropics Sleeveless U Front Dress Swimsuit Cover Up,3,2024,7
27011,Geoffrey Beene Men's 2 Piece Cotton/Poly and Fleece Pajamas,3,2024,7
28128,FINIS Men's Drag Suit,3,2024,7
23228,Lee Men's Big & Tall Belted Wyoming Cargo Short,3,2024,7
12313,Laura High Quality Sexy Black Bra Thong SET #SL101055BL Made in Colombia,3,2024,7
21487,RUDE Black Destroyed Super Skinny Fit Denim Jeans,3,2024,7
9199,Steve Madden Legwear Women's Boot Liner Contrast Stripe Cuff Warmer,3,2024,7
24575,K. Bell Socks Men's Rugby Sneaker Sock,3,2024,7
1864,Ed Hardy Womens Panther Basic Hoodie - Heather Gray,3,2024,7
26872,Ed Hardy Men's Bulldog Sleep Pants,3,2024,7
15497,XS Sport Wrap TR90 Sunglasses UV400 Unbreakable Protection for Cycling Ski or Golf,3,2024,7
13604,Trendy Plaid & Houndstooth Check Soft Square Scarf - Different Colors Available By TrendsBlue,3,2024,7
9097,Hot Chillys Women's Hi Volume Sock,3,2024,7
17254,Unionbay Men's Long Sleeve Ashbury Burnout Hoody,3,2024,7
3087,Saucony Women's Ethereal Jacket,3,2024,7
11073,OnGossamer Women's Triple Twist Mesh Boyshort Panty,3,2024,7
6294,Hurley Juniors Lowrider 7 Inch Bermuda Walkshort,3,2024,7
26580,Botany Tall Man Long Sleeve Long Leg Flannel Print Pajama 7h9-614,3,2024,7
13403,La Leela Floral Printed Beach Pareo Swim Hawaiian Sarong Cover up,3,2024,7
3778,2B Sequin Peplum Dress,3,2024,7
10026,Munki Munki Women's Classic Flannel Patch Pocket Pajama Set,3,2024,7
12334,Irall Erotic Ella Black Lace Bra and Thong Set with Diamante,3,2024,7
14092,Polo Ralph Lauren PH 2083 Eyeglasses,3,2024,7
6608,Woman Within Plus Size Shorts in stretch denim with 5-pockets and cuffs,3,2024,7
10225,Hue Sleepwear Women's Double Face Jer Cocktail Pajama Set Capri Brez Medium,3,2024,7
28917,Washed Cotton Fitted Army Cap-Dark Olive W32S33F,3,2024,7
492,Allegra K Ladies Short Dolman Sleeve Casual Ripped T Shirt Top,3,2024,7
7737,Stunning Ladies Blazer Smart Summer Jacket,3,2024,7
11004,Cosabella Women's Soire Lr Hotpant,3,2024,7
2212,District Made - Ladies Mini Stripe Full-Zip Hoodie,3,2024,7
9155,Soft Toe Socks with Assorted Furry Animal Designs Size 9-11 Pack of 6,3,2024,7
3094,KEEN Women Bellingham Crew Lite Sock,3,2024,7
23707,Carhartt Men's Arctic-Quilt Lined Duck Vest,3,2024,7
2834,adidas Women's Adifit Slim Pant,3,2024,7
4553,Not Your Daughter's Jeans Marilyn Petite Straight Jean,3,2024,7
28079,LRG Core Logo Board Short - Men's,3,2024,7
19989,Ralph Lauren Mens Dark Olive Wool Sport Coat Jacket,3,2024,7
750,Allegra K Woman Scoop Neck Tunic Shirt Watermelon Red Navy Blue S w a Waist Strap,3,2024,7
27179,Fun Boxers Lucky Me Lucky You Pajama Pants for Men,3,2024,7
19428,Port Authority J702 Pullover Wind Vest,3,2024,7
7893,GREEN JACKET BATIK ASYM ANGLE HEM BOHO ART-TO-WEAR - FITS (ONE SIZE) - M L 1X 2X - A202S LOTUSTRADERS,3,2024,7
22164,Oak Hill Big & Tall Heritage Canvas Cargo Pants,3,2024,7
8281,London Fog Women's Grace Jacket,3,2024,7
2563,Thorlo Women's Moderate Cushion Coolmax Light Hiking  Crew Sock,3,2024,7
24125,Carhartt Men's Big-Tall Hooded Multi Pocket Jacket,3,2024,7
22821,RVCA Men's Weekender Short,3,2024,7
23548,Callaway Big and Tall Moisture Release Cargo Short,3,2024,7
16610,Polo Ralph Lauren Custom-Fit Big Pony Flag Rugby,3,2024,7
17423,Avenged Sevenfold Since 1999 Black Zip Hoodie New Adult,3,2024,7
19796,Joseph Abboud Men's 2 Button Side Vent Plaid Sport Coat,3,2024,7
24194,Columbia Men's Road 2 Peak Full Zip Fleece,3,2024,7
5612,Allegra K Women Elastic Cuffs Corduroy Harem Pants Trousers Yellow M,3,2024,7
4103,Strappy Cotton Jumpsuit Romper Summer Onesie,3,2024,7
3553,Trina Turk Women's Baroness Dress,3,2024,7
17296,Lucky Brand Mens Hooded Henley,3,2024,7
3358,US Polo Assn. Juniors Sweater Dress,3,2024,7
8743,Via Spiga Women's Scuba Jacket With Slimming Ruching Detail,3,2024,7
4602,Vigoss Juniors Skinny Brooklyn Back Pocket Jean,3,2024,7
7366,Mango Women's Slits Sheer Maxi Skirt - Elastic,3,2024,7
15331,Carhartt Women's Extremes All-Season Boot Sock,3,2024,7
11928,Rene Rofe Women's Mesh Flyaway Babydoll And G String Set,3,2024,7
21376,Savane Men's Relaxed Straight 5-Pocket Jean,3,2024,7
16082,Kenneth Cole Men's Double Pocket Stripe Shirt,3,2024,7
20199,G by GUESS Sheppard Vest Hoodie,3,2024,7
13366,Reef - Easy Breezy Tie Side Bikini Bottom,3,2024,7
22869,Wrangler Men's Workhorse Short,3,2024,7
17319,AA9590 Alternative Unisex 6.4 oz Rocky Full-Zip Hoodie,3,2024,7
13976,Hobo  Women's Sadie VI-32059AUTP Wallet,3,2024,7
19452,HZF Down Cotton Vest Padded Top Mens,3,2024,7
11668,Everyday Comfort Cami,3,2024,7
19275,Ed Hardy Mens Skull Sweater -Desert Sage,3,2024,7
28053,Ted Baker Men's Stroppi Side Seam Short,3,2024,7
28270,Nike Men's Nike 6.0 Skateboarding Board/Walk Shorts Navy Blue 418375-410,3,2024,7
17674,Analog Men's Transpose RDBL Hoodie,3,2024,7
21631,Allegra K Men Faux Leather Patchwork Casual Full Length Jeans Dark Blue W32,3,2024,7
11975,XOXO Pink Zebra or Black Zebra Lace Babydoll with Rhinestone XOXO,3,2024,7
954,Patty Women Trendy Drape Collar Long Sleeve Asym Hem Cardigan Top.,3,2024,7
16903,Modena Mens Solid Burgundy French Cuff Dress Shirt,3,2024,7
27518,Quiksilver Men's Cypher Wonderland Board Short,3,2024,7
17563,Alpinestar Men's Breed Flannel Hoodie Turquoise,3,2024,7
20954,Wrangler Men's Rugged Wear Stretch Jean,3,2024,7
20585,Wrangler Men's Cowboy Cut Slim Fit Jean,3,2024,7
9165,Gold Toe Women's 3-Pack Flat Knit Liner Athletic Sock,3,2024,7
23205,LRG Core Classic Cargo Walkshort - White,3,2024,7
17646,Batman Bruce Wayne Men's Pullover Hoodie,3,2024,7
16577,Back to Back World War Champs USA Champions Tank Top T-Shirt,3,2024,7
21709,Dockers Men's Never-Iron Essential Relaxed Fit Pleated Cuffed Pant,3,2024,7
25630,Duofold Men's Expedition Weight Bottom,3,2024,7
21884,Louis Raphael LUXE Men's Washable 100% Wool Solid Pleated Hidden Extension Dress Pant,3,2024,7
7939,Anna-Kaci S/M Fit Blue 3/4 Sleeve Fitted Single Button Lady Like Blazer Jacket,3,2024,7
20989,30 inch Inseam Smith's Denim Fleece - lined Jeans Dark Stonewash,3,2024,7
24810,Calvin Klein Men's 3 Pack No Show Liner Socks,3,2024,7
19470,NEW ARRIVAL PERUVIAN ALPACA WOOL MENS SWEATER VNECK DARK GRAY WARM & SOFT,3,2024,7
15120,A Pea in the Pod Collection: Splendid Long Sleeve Boat Neck Maternity T Shirt,3,2024,7
28771,Tumi Monaco Double Billfold,3,2024,7
21039,Xtreme Couture Men's Leather Cross Jeans-Grecian Blue,3,2024,7
12480,Apt. 9 Ruffles & Lace Babydoll & G-String Lingerie Set,3,2024,7
18700,adidas Men's Tennis Essentials Logo Tee,3,2024,7
17985,YAGO YG2116 Long Sleeve Fleece Printed Zipper Zip Up Hoodie Sweatshirt (Black/Grey S-2X),3,2024,7
6265,Allegra K Snowflake Print Dark Gray Skinny Fleece Lining Leggings for Lady,3,2024,7
8050,BLACK BLOUSE GAUCHO PALAZZO SET ASYM - FITS (ONE SIZE) - L XL 1X - G104S LOTUSTRADERS,3,2024,7
18818,Devon & Jones Air spun cotton V-Neck Vest. D477,3,2024,7
1034,Devon & Jones Pink Women's Stretch Everyday Cardigan Sweater DP450W,3,2024,7
24725,Drymax Socks Running Mini Crew Sock Socks,3,2024,7
10553,Spalding Women's Seamless Basic Bra,3,2024,7
25389,Champion Men's Tech Performance Long Boxer Brief,3,2024,7
24097,Dickies Men's Hip Length Twill Jacket,3,2024,7
20707,Harbor Bay Big & Tall Elastic-Waist Denim Jeans,3,2024,7
8501,Allegra K Woman Light Gray Hooded Long Sleeve Plush Winter Coat S,3,2024,7
4871,Not Your Daughter's Jeans Women's Sheri Skinny Print Jean,3,2024,7
24637,Snoozies Men's Buffalo Plaid Footcoverings,3,2024,7
27873,Stohlquist Men's Short Sleeve Burnout Rashguard,3,2024,7
5837,Capri Leggings Three Quarter Length Cotton Spandex Multiple Colors Available,3,2024,7
28186,Rip Curl Mirage Flex Accelerate,3,2024,7
20124,Diesel Men's Jamaar Jacket,3,2024,7
15175,Japanese Weekend Women's Maternity Shoulder Tie Top,3,2024,7
20999,G by GUESS Costa Slim Jeans - 32 Inseam,3,2024,7
5056,True Religion Women's Vintage Billy Straight Jean,3,2024,7
7733,Jones New York Women's Snap Jacket,3,2024,7
12693,Nubra Seamless Super Light Adhesive Bra B Cup Nude,3,2024,7
23147,Polo Ralph Lauren Men's Khakis Pleated Dress Shorts Black 1364496-RLBLACK,3,2024,7
23108,True Religion Men's Rolled Cuff Sweat Shorts Red,3,2024,7
19094,Handknit Mens Aran Sweater,3,2024,7
26256,Ibex Men's Balance Boxer Underwear,3,2024,7
27183,Intimo Men's Printed Pajama Gift Set,3,2024,7
5497,Chaus Women's Straight Leg Emma Pant,3,2024,7
26453,Men's Terry Cotton Full Length Hooded Bathrobe Robe Sizes Small to 4XL,3,2024,7
22784,Lee Men's Belted Compound Cargo Short,3,2024,7
29055,Nautica Men's Scarf With Fringe,3,2024,7
17609,American Chopper Flame Hoodie,3,2024,7
20786,Bullhead Mens Wilshire Boot Thin Air Jeans,3,2024,7
26708,American Essentials Men's Drawstring Pant,3,2024,7
25247,Big Yellow Happy Faces On Men's Black Socks,3,2024,7
27746,IZOD Men's Colorblock Stripe Swim Short,3,2024,7
23522,Brixton Men's Toil Short,3,2024,7
19885,DC Men's Juneau Jacket,3,2024,7
9520,Casual Moments Women's Shawl Collar Set,3,2024,7
11914,Frederick's of Hollywood Dream Corset Womens,3,2024,7
11019,Hanro Women's Touch Feeling Hi-Cut Brief,3,2024,7
18346,Everlast Men's basic no-show atheletic socks 7 pairs,3,2024,7
14688,Motherhood Maternity: 1 Button Closure Fleece Maternity Jacket,3,2024,7
25580,Hanes Men's ComfortSoft Tank 4-Pack,3,2024,7
27537,TYR Sport Men's Alliance Durafast Splice Square Leg Swim Suit,3,2024,7
5608,Trina Turk Women's Tony Slim Fit Pant,3,2024,6
3847,Kirra Womens Sunset Twist Dress,3,2024,6
2730,Danskin Women's Active Ankle Legging With Shirring Detail,3,2024,6
23484,Rusty Men's High Pressure Shorts,3,2024,6
19819,Haggar Men's 2 Button Two Tone Twill Center Vent Sport Coat,3,2024,6
23191,Match Men's Skull Print Camo Cargo Shorts #S3628,3,2024,6
9282,Black With Lace Silicon Garter - Black 100 Denier Opaque Stay-Up Thigh High (Hold Ups),3,2024,6
14275,Columbia Women's Pearl Plush II Glove,3,2024,6
22881,Volcom Men's H2Cargo Short,3,2024,6
15333,Prada 1M0506 Saffiano Leather Wallet Coffee,3,2024,6
20698,Marino Bay Flannel - lined 7 - pocket Denim Carpenter Jeans,3,2024,6
26867,Diamond Knit Big & Tall Lounge Pants,3,2024,6
20168,7 Diamonds Men's Lovers In Japan Coat,3,2024,6
4727,Levi's Women's 529 Styled Straight Regular Fit Jean,3,2024,6
29024,Kenneth Cole REACTION Men's Trifold Wallet,3,2024,6
9806,Frederick's of Hollywood Movie Goddess Satin Gown Womens,3,2024,6
9443,Hot Chillys Women's Medium Cushion Sock,3,2024,6
20453,GST Cotton Blazer 2 Button Coat Jackets Men,3,2024,6
20740,prAna Men's Axiom 30-Inch Inseam Jean,3,2024,6
8534,Eddie Bauer WeatherEdgeÂ® RainfoilTM Jacket,3,2024,6
23736,London Fog Men's Bogart Double Breasted Belted Trench Coat,3,2024,6
21968,Mod-O-Doc Men's Classic Jersey Pant,3,2024,6
14559,A Pea in the Pod: Seamless Adjustable Cami,3,2024,6
8873,Gold Toe Women's Fashion Pack D,3,2024,6
14535,A Pea in the Pod: 5 Pack Maternity Bikini Panties,3,2024,6
10451,Calvin Klein Women's Sexy Signature Unlined Underwire,3,2024,6
16662,Calvin Klein Sportswear Men's Short Sleeve 4 Button Yarn Dye Polo,3,2024,6
12529,Fashion Forms Women's Backless Strapless U Plunge Bra,3,2024,6
6390,AMETHYST JEANS Raw Edge Womens Denim Shorts,3,2024,6
15090,Black Denim Plus Size Maternity Skinnies Stretch Waist,3,2024,6
10701,Bali Women's Comfort Revolution Minimizer Underwire Bra,3,2024,6
19565,Canyon Ridge Big & Tall Cotton Crewneck Sweater,3,2024,6
2149,Juniors Charcoal Spring Hoodie Zipper Jacket,3,2024,6
17026,Volcom Men's Tribulation Long Sleeve Thermal,3,2024,6
16613,Harley-DavidsonÂ® Large #1 Skull Tee Shirt. All Cotton. Black. 30291533,3,2024,6
26560,Dockers Men's Gift Set Fleece V-Neck Printed Jersey Pant Set,3,2024,6
20860,Silver Jeans Men's Gordie Straight Leg Jean,3,2024,6
21738,Levi's Men's 508 Regular Tapered Rinsed Corduroy Pant,3,2024,6
2928,August Silk Women's Flat Knit Turtleneck,3,2024,6
21575,Hudson Men's Byron 5 Pocket Straight Leg Jean,3,2024,6
7672,Alfred Dunner Women's Aztec Print Jacket,3,2024,6
6211,Anna-Kaci Small Fit Red White Blue British Flag Inspire Patriotic Design Legging,3,2024,6
28879,Oakley Men's Straight Jacket Iridium Polarized Sunglasses,3,2024,6
28285,O'Neill - O'Neill Boardshorts - Superfreak Durden,3,2024,6
3121,Robert Rodriguez Women's Lace V-Neck Tiered Dress,3,2024,6
7788,Silk-blend Five-button Jacket,3,2024,6
2842,Life is good Savor the Flavor Women's Long Sleeve Shirt,3,2024,6
9954,Casual Moments Women's V-Neck Sleepshirt,3,2024,6
24392,Levi's Men's Wool Melton Triple Front Closure Toggle Hoodie,3,2024,6
694,Alternative Women's Leenie Top,3,2024,6
5064,PAIGE Women's Kennedy Straight,3,2024,6
3442,Allegra K Ladies Scoop Neck Sash Waist Above Knee Dress Khaki L,3,2024,6
18872,Mens Lambswool Slipover V Neck Sleeveless Sweater,3,2024,6
24850,Knocker Mens Plain Dress Socks Assorted 10-13 12 Pair Black Gray Navy Brown,3,2024,6
28014,Ocean Current Men's Feeds Boardshort,3,2024,6
20876,George Strait by Wrangler Men's Cowboy Cut Jean,3,2024,6
3415,Allegra K Ladies Sexy Square Neckline Backless Sleeveless Clubwear Mini Dress Blue XS,3,2024,6
15005,NOM Women's Maternity Harrison Trouser,3,2024,6
22610,Jonathan Quale Big and Tall Corduroy Pants,3,2024,6
20911,Silver Jeans Men's Grayson Relaxed Fit Jean,3,2024,6
7711,WHITE KIMONO DUSTER JACKET SHORT STRETCH LYCRA LAGENLOOK - FITS (ONE SIZE) - L XL 1X 2X - U530S LOTUSTRADERS,3,2024,6
2129,District Threads Junior Ladies Long Sleeve Thermal Henley Hoodie,3,2024,6
20477,Brand Q Wedding Vest Set Lite Blue Paisley 3pcs Tuxedo Vest + Necktie + Handkerchief,3,2024,6
11557,Little Adventures Women's Fullness Petticoat/Slip with Hair Bow (Size 6-12),3,2024,6
21701,Haggar Men's Life Khaki Relaxed Straight Fit Flat Front Chino Pant,3,2024,6
6778,Allegra K Ladies Gray Bowtie Decor Waist Pleated Back Shorts M,3,2024,6
20271,Allegra K Men Solid Black Long Sleeve Padded Shoulder Zip up Jacket S,3,2024,6
25117,Fine Fit Men's Fancy Pattern Dress Socks 3 PAIR GREY / NAVY / ORANGE,3,2024,6
24373,Men's Pack-N-Go Pullover Rain Jacket Black,3,2024,6
7968,Allegra K Ladies Puff Sleeve V Neck Single Breasted Coat Black XS,3,2024,6
17643,Tie-Dye Sweatshirt ~ Pullover Hoodie Sweatshirt with Pockets ~ Spider Black,3,2024,6
15479,Levi Women's Plus Size Flare Jean,3,2024,6
28456,Kenneth Cole REACTION Men's Six Pocket Billfold,3,2024,6
438,Patty Women Cowl Neck Backless Chain Draping Halter Tops,3,2024,6
21500,Rock Revival Mens Phil Ss2 Jean,3,2024,6
22283,Allegra K Mens Elastic Waist Leopard Prints Pants Leggings Beige Brown Mustard W26,3,2024,6
4157,Allegra K Lady XS Roller Cuff Chiffon Short Jumpsuit Salmon Pink,3,2024,6
20529,Allegra K Mens Fashion Single Breasted Pockets Front Simple Design Solid Color Blazer Gray S,3,2024,6
3175,KAMALIKULTURE Women's All In One Dress,3,2024,6
3862,maxandcleo Women's Lillian Dress,3,2024,6
25308,World's Softest Everyday Flat Knit Crew - 2 Pack,3,2024,6
16721,FEA Merchandising Men's Gorillaz Rock The House Tee,3,2024,6
4233,Seven7 Women's Cord Skinny Jean 77 Pocket,3,2024,6
10785,Pack of 5 Women's Satin Boxer Shorts Underwear,3,2024,6
27625,Mens Print Hot Body Boxer Swimsuit Gary Majdell Sport,3,2024,6
4014,Krazy Sexy Club Cocktail Party Evening Dress #266 US Size 0-2 2-4 4-6,3,2024,6
25097,adidas Men's Casuals H/T Cushion Crew Sock (2-Pack),3,2024,6
13346,Letarte Womens Popcorn Embroidered Sleeveless Tunic,3,2024,6
9084,Danskin Women's Footless Tight,3,2024,6
26775,North River Men's Flannel Duck/Dog Lounge Pants,3,2024,6
7373,Karen Kane Women's Side Drap Skirt,3,2024,6
22967,Wrangler Men's Genuine Miami Chino Short,3,2024,6
4572,William Rast Women's Ryley Flare Jean,3,2024,6
4901,Rock Revival - Womens Krissy Skinny Leg Denim Jeans in Color: S2,3,2024,6
7678,McGinn Women's Reagan Blazer,3,2024,6
23044,Harbor Bay Big & Tall Elastic-Waist Denim Shorts,3,2024,6
26978,Hanes Olive Plaid Cotton Knit Pajama Pants for Men,3,2024,6
24615,Ozone Men's Block Arcade Casual Socks,3,2024,6
12481,Anna-Kaci S/M Fit Black Floral Lace Ruffle Bra Panty Set w Pink Ribbon Detail,3,2024,6
21250,Cinch Mens Jeans MB90633001IND,3,2024,6
9105,K. Bell Black and White Striped Socks with Rainbow Toes,3,2024,6
888,SZ Aztec Oversized Lapel Cape Long Sleeved Asymmetric Loose Fringe Tassels Sweater,3,2024,6
28999,X-Gear Men's RFID Security Wallet,3,2024,6
6946,Unionbay Juniors Rickie Bermuda Short,3,2024,6
23920,NRS Men's Endurance Splash Jacket,3,2024,6
4202,MAXSTUDIO PLAID ROMPER,3,2024,6
17205,Spiderman Men's Venosuit Fleece Hoodie,3,2024,6
6493,2B Longer Linen Drawstring Short,3,2024,6
1099,Ladies Seamless Long Sleeve Turtleneck Top Multiple Colors Available,3,2024,6
1546,Carhartt Women's Womens Lakeshore Sweatshirt,3,2024,6
12701,Panty Pak Scarlet,3,2024,6
21663,Carhartt Men's Washed Twill Relaxed Fit Dungaree,3,2024,6
24342,Alpha Industries Prop Jacket,3,2024,6
17781,Tommy Hilfiger Men Fashion Big Logo Henley Sweatshirt,3,2024,6
20270,G. Fiorelli 2 Button Men's Suit Sheen Black with Herringbone Stripes,3,2024,5
24866,Basketball Socks Half Cushioned Crew Socks - Red/Gray (One Size Fits All),3,2024,5
4802,Torrid Denim - Light Wash Super Skinny Stiletto,3,2024,5
1972,QSW Women's Seabreeze Wrap,3,2024,5
22809,KingSize Big & Tall Fleece Cargo Shorts,3,2024,5
9300,Roxy Cruiser Sock - 2-Pack - Women's,3,2024,5
4170,Queen of Heartz Periwinkle Blue Black Drew Women's Mad Men Pinup Vintage Retro Rockabilly Swim Cruise Romper XS SM MD LG XL 2X 3X,3,2024,5
11727,Microfiber Camisole w/ Laced Up Front Adjustable Straps,3,2024,5
6186,LeggingsQueen Fab Basic Leggings,3,2024,5
10915,HANES WoMen's 100% Cotton Fashion String Bikini - 4 Pairs - SK45F2,3,2024,5
25472,Hanes Men's  5 Pack V-neck T Shirt,3,2024,5
16546,Tommy Hilfiger Men Custom Fit Plaid Short Sleeve Shirt,3,2024,5
24170,Barbour Bedale Wax Cotton Jacket Olive,3,2024,5
15559,Ray Ban RB3447 Unisex Icons Sunglasses - Choice of Frame and Lens,3,2024,5
25834,C-IN2 Men's Zen Army Trunk,3,2024,5
23224,Volcom Men's 2x4 Cut Off Chino Pant,3,2024,5
17844,Tony Hawk Sherpa Hoodie,3,2024,5
18979,Unionbay Men's Grant Long Sleeve Sweater,3,2024,5
22966,Unionbay Men's Survivor Camo Cargo Short,3,2024,5
20228,Faconnable Men's Double Face Wool Jacket,3,2024,5
2615,CW-X Women's Insulator Stabilyx Tights,3,2024,5
16564,Carhartt Men's WorkCamo AP Short-Sleeve T-Shirt,3,2024,5
17511,Billabong Men's Surfrider Foundation Full-Zip Hoodie Brown & Maroon,3,2024,5
18219,Carhartt Men's Big-Tall Midweight Hooded Sweatshirt,3,2024,5
27811,Mens Belted Boxer Midcut Swimsuit By Gary Majdell Sport.,3,2024,5
3895,Tart Women's Autumn Dress,3,2024,5
12184,What Katie Did L6051 Morticia Corset,3,2024,5
24174,Carhartt FRJ184 Flame-Resistant Duck Active Quilt-Lined Jac,3,2024,5
26969,Hanro Men's Camden Short Sleeve Crew Neck Top,3,2024,5
24991,Carhartt Men's Steel Toe Arctic Wool Boot Sock,3,2024,5
24524,Thorlo Unisex Moderate Cushion Walking Crew Sock,3,2024,5
23442,Zanerobe Men's Callaroy Short,3,2024,5
9174,Santa's Buckle Red Novelty Christmas Socks,3,2024,5
27238,Superman Men's Microfleece Sleep Set,3,2024,5
1019,Calvin Klein Jeans Women's Cropped Cardigan Sweater,3,2024,5
20388,Port Authority J768 Endeavor Jacket,3,2024,5
28703,Guess GU6325 Aviator Style Mens Sunglasses,3,2024,5
13418,Reebok Women's Curls High Neck,3,2024,5
23136,Creekwood Big & Tall Elastic-Waist Pleated Twill Shorts,3,2024,5
21691,Dockers Mens New Iron Free Khaki D3 Classic Fit Pleated Pant,3,2024,5
21763,Dockers Men's Stain Defender D3 Classic Fit Flat Front Pant,3,2024,5
25899,Dockers Men's 2-Pack Boxer Brief,3,2024,5
9558,Calvin Klein Women's Mix Essentials Short Robe #S2220,3,2024,5
9157,Calvin Klein Women's Non Elastic Comfort Top Crew,3,2024,5
25565,Fruit Of The Loom Men's 7-Pack Brief - Big Sizes,3,2024,5
17239,Zoo York Men's Surplus Arch Hoodie,3,2024,5
777,Tommy Hilfiger Women Fashion Ruffle Long Sleeve T-Shirt,3,2024,5
17849,Calvin Klein Sportswear Men's Slim Fit Long Sleeve 1/4 Zip Hoodie,3,2024,5
4036,laundry BY SHELLI SEGAL Women's Sequin Blouson Cocktail Dress,3,2024,5
6995,Ed Garments Women's Flat Front Cargo Short. 8473,3,2024,5
21447,Diesel Jean Darron RPN8,3,2024,5
5602,Womens Tuxedo Trouser - Polyester Double Pleated Straight Waist,3,2024,5
24920,Calvin Klein Men's 3 Pack Golf Ped Socks,3,2024,5
24999,Wrightsock Unisex 3-Pack Coolmesh Quarter Socks,3,2024,5
25803,ck one Men's Micro Low Rise Trunk,3,2024,5
3853,Alice & Trixie Women's Elsa Dress,3,2024,5
7478,Sutton Studio Velvet Jacket,3,2024,5
26560,Dockers Men's Gift Set Fleece V-Neck Printed Jersey Pant Set,3,2024,5
14467,Mommy Paradise Kristy Maternity Top 3600,3,2024,5
22394,Savile Row Mens Grey Pleat Front Chino Pants,3,2024,5
18749,Indera - Mens Thermal Camouflage Long John Pant 812DR  Olive 27473,3,2024,5
26714,American Essentials Men's Luxurious Textured Spa Robe,3,2024,5
17983,John Deere Western Applique Microfleece Hooded Sweatshirt Charcoal,3,2024,5
8184,Jones New York Santa Monica Skirt Suit,3,2024,5
14016,Oakley Men's Square Wire Iridium Sunglasses,3,2024,5
10302,Adriana Arango High Quality Blue Sleepwear Set 7469 Made in Colombia,3,2024,5
21578,Walls Workwear Ranch Jeans Stonewash Denim 30 Inseam,3,2024,5
1703,Burton Women's Her Logo Zip Hoodie,3,2024,5
21215,Emerica Men's Hsu Saratoga Jean,3,2024,5
12209,Wacoal Women's Retro Chic Garter Pant,3,2024,5
25122,Viscose from Bamboo Men's Active Sport Crew Socks,3,2024,5
26619,Nautica Men's Gilbert Stripe Robe,3,2024,5
1430,Kensie Women's Twisted Slub Knit Sweater,3,2024,5
5378,Chelsea Studio Plus Size Pants slimming,3,2024,5
21557,Silver Jeans Men Gordie Relaxed Fit Straight Leg Faux Flap Inseam 34,3,2024,5
13697,LibbySue-Silk Blend Ombre Oblong Chiffon Scarf,3,2024,5
28101,Body Glove Men's Voodoo Mexican Bees Boardshort,3,2024,5
29112,Solid Banded Bowtie,3,2024,5
22634,RLX Ralph Lauren Men Terrain Poplin Drawstrings Pants,3,2024,5
19708,Tommy Bahama Firenze Full Zip Sweater in Coffee,3,2024,5
26298,HUGO BOSS Men's Short Sleeve Cotton Stretch Crew Neck,3,2024,5
22296,G-Star Men's Cl Bronson Chino Tapered Pant,3,2024,5
3219,Maxandcleo Women's Ava Dress,3,2024,5
4860,Armani Exchange J57 - White Straight Leg Jean,3,2024,5
17881,Charles River Apparel Men's Lightweight Microfleece Pullover. 9970,3,2024,5
18729,adidas Men's Supernova 7- Inch Baggy Short,3,2024,5
14059,Native Eyewear Throttle Sunglasses,3,2024,5
14246,CTM Women's Skinny Leather Belt,3,2024,5
5299,Women's Straight Trousers,3,2024,5
5124,Briggs New York Women's Plus-Size Curvy Pant,3,2024,5
22771,Burnside Men's Slippery Cargo Twill Short,3,2024,5
23264,Burnside Men's Growl Burnside Chino Short,3,2024,5
6281,Levi's Women's Mid Rise Bermuda,3,2024,5
1526,Roxy Women's BLUE STREAM Full-Zip Hoodie Blue,3,2024,5
13233,Speedo Womens One Piece Swimsuit Purple Size 10,3,2024,5
27470,Speedo Men's Team Collection Home Of The Fast Lycra Jammer Swimsuit,3,2024,5
15002,Feminine and Lacy long-sleeve Maternity and Nursing Pajama,3,2024,4
15201,For Two Fitness Short-sleeve Maternity Workout Tee Black,3,2024,4
22798,Volcom Men's Frickin Stripe Chino Short,3,2024,4
19083,Alex Stevens Men's Striped Cardigan,3,2024,4
755,The Very Hungry Caterpillar Classic Book Women's Slim Fit T-shirt by Out Of Print Clothing,3,2024,4
5833,Taillissime Plus Size Leggings,3,2024,4
28435,Saddleback Leather ID Wallet,3,2024,4
24653,CW-X Unisex Adult Ventilator Compression Support  Socks,3,2024,4
17776,Mountain Dew Nimbus Pullover Hoodie - Black,3,2024,4
24911,12 - Prs. Kodiak Cushioned Work Socks White,3,2024,4
13908,Beige Knit Solid Color Circle Eternity Ring Scarf,3,2024,4
24058,Harriton M720 Mens Athletic V-neck Pullover Jacket,3,2024,4
23,Lucky Brand Women's Plus-Size Stripe Gayle Henley,3,2024,4
1899,Fox Womens Juniors Unparalleled Sherpa Top,3,2024,4
21602,Diesel - Mens Viker 0888E Denim Jeans,3,2024,4
16493,Columbia Men's Pintada Peak Long Sleeve Shirt,3,2024,4
18632,Columbia Men Hart Mountain II Hoodie - Big Sizes,3,2024,4
4,Bailey 44 Women's Undertow Top,3,2024,4
13285,Gottex Gottex Exclusive One Piece Wide Strap Tank,3,2024,4
21088,Joe's Jeans Men's Big-Tall Inseam Athlete Fit,3,2024,4
24030,ZeroXposur Men's 3 In 1 Boardwalk System Jacket,3,2024,4
3433,Roamans Plus Size Ruffle Dress Taillissime,3,2024,4
5058,Ariat 9437 Women's Double Trouble Boyfriend Sugar Devil,3,2024,4
22285,Ariat 7308 Men's Heritage Front Zip,3,2024,4
18027,Vans Encinitas Crew Sweater - Deep Navy,3,2024,4
28167,TYR Sport Men's Universe Splice Jammer,3,2024,4
14835,Everly Grey Women's Maternity Eunice Dress,3,2024,4
20054,Men's Single Breasted Two Button Burgundy Dress Suit,3,2024,4
23086,Dickies Men's 11 Inch Regular Fit Herringbone Short,3,2024,4
6490,Hurley Juniors Lowrider Novelty 7 Inch Bermuda Short,3,2024,4
24500,Gold Toe Men's Canterbury Dress Sock 3-Pack,3,2024,4
28344,910EB Fine Leather Hand Crafted Mans Man's Mens Men's Mini Wallet ID Credit Card Holder with Magnetic Money Clip,3,2024,4
15541,Gold Toe Women's Fashion Pack E,3,2024,4
25321,Gold Toe men's socks Ultratec short crew black 3p.,3,2024,4
21997,G-Star Men's Cm Rovic Arc 3D Loose Tapered Pant,3,2024,4
10810,Calvin Klein Women's Seamless Ombre Hipster,3,2024,4
17530,Quiksilver Traverse Long Sleeve Quarter-Zip T-Shirt - Orange Chrome,3,2024,4
1340,BCBGMAXAZRIA Women's Love Sweater Top,3,2024,4
23826,Calvin Klein Men's Slim Fit Coat,3,2024,4
25427,Calvin Klein Men's 2 Pack Trunk Brief,3,2024,4
41,Splendid Women's Double Pocket Shirt,3,2024,4
25592,Calvin Klein Men's Bold Micro Hip Brief,3,2024,4
1912,Metal Mulisha Juniors Amanda Fleece,3,2024,4
9076,HUE Women's Cable Sweater Tight,3,2024,4
12361,Blue/Black Babydoll With Thong,3,2024,4
27175,Daniel Buchler Men's Long Sleeve Top,3,2024,4
28084,Freegun - Carro - Pink White and Blue Plaid Boardshorts,3,2024,4
17886,FactoryExtreme X-Factor Hoodie Men's Black Bomber Leather Jacket,3,2024,4
6516,Wildfox Denim Jane Fonda High Waist Acid Washed Shorts,3,2024,4
28661,Oakley Men's Plaintiff Aviator Polarized Sunglasses,3,2024,4
19756,Nautica Men's Fairisle Crew Neck Sweater,3,2024,4
25428,Calvin Klein Men's Cotton Stretch 2 Pack  Fashion V-Neck Underwear,3,2024,4
12929,Laundry by Shelli Segal Indian Summer One Piece Plunge Halter,3,2024,4
1160,Patty Women Sexy Deep V-Neck Wrap Asym Hem Mini Knit Dress,3,2024,4
28245,Body Glove Men's Voodoo Hybrid Optimus Boardshort,3,2024,4
18652,UltraClub Men's Relaxed Fit Sport Polo Shirt. 8405LS,3,2024,4
19611,VANCL Men Machine Wash Solid Color Wool Sweater,3,2024,4
21447,Diesel Jean Darron RPN8,3,2024,4
302,Next Level Apparel 6640 - Ladies Short Sleeve CVC Deep V Neck Women's Tee,3,2024,4
17966,Famous Stars and Straps - Mens Action Pullover Hoodie in Charcoal Heather,3,2024,4
2911,Horny Toad Women's Oblique Skirt,3,2024,4
17283,Original Penguin Men's Sams Update Hoodie,3,2024,4
20944,Levi's Men's 527 Slim Boot Cut Carrier Jean,3,2024,4
23259,Horny Toad Men's Double Down Short,3,2024,4
22283,Allegra K Mens Elastic Waist Leopard Prints Pants Leggings Beige Brown Mustard W26,3,2024,4
26302,Papi Men's Suave Solid Brazilian Boxer Brief,3,2024,4
18859,Pendleton Men's Shetland Crew Cardigan,3,2024,4
25908,Good Devil Lace Thong 7012,3,2024,4
16115,Quiksilver Waterman Men's Encinitas Woven Shirt,3,2024,4
21014,Volcom Men's Kinkade Straight Leg Jean,3,2024,4
23663,Carhartt Men's Duck Active Jac - Quilted Flannel Lined,3,2024,3
18653,Gildan G18400 - Heavy Blend 50/50 Open-Bottom Sweatpants,3,2024,3
20212,Nau Vice Blazer - Men's,3,2024,3
27408,Diesel Men's Blans-F,3,2024,3
3682,AGB Women's Striped Long Sleeve Sweater Dress With Sash,3,2024,3
11880,Rampage Women's Flyaway Lace Babydoll With Thong,3,2024,3
1476,Womens Cashmere & Merino Frilly Edged Cardigan,3,2024,3
19498,Ben Sherman Men's Plectrum Rib Cardigan Sweater,3,2024,3
20126,Paul Malone Wedding Vest Set Burgundy 5pcs Tuxedo Vest + Necktie + Ascot + Hanky + 2 Cufflinks,3,2024,3
9114,Hanes Silk Reflections Women's Plus-Size 2 Pack Knee High,3,2024,3
20636,Lee Men's Relaxed Fit Slightly Tapered Jean,3,2024,3
25840,Classics Men's P4 Stretch Boxer Brief Solid Assortment,3,2024,3
740,Teez-Her The Skinny Shaper Tank - Plus Size,3,2024,3
27858,Quiksilver Waterman Men's Off The Wall Rash Guard,3,2024,3
20638,Carhartt Men's Relaxed Fit Straight Leg Colored Jean,3,2024,3
18122,Thorlo Unisex Thick Cushion Tennis Crew Sock,3,2024,3
14263,Dearfoams Women's Handknit Infinity Scarf,3,2024,3
24262,Port Authority J780 Leather Bomber Jacket,3,2024,3
21536,LRG The Mangrove TS Jean in Washed Black,3,2024,3
28954,Nike Leather Trifold Wallet w/Red Tin Gift Box,3,2024,3
26025,Fruit of the Loom Men's Boxer Briefs 2 Pack,3,2024,3
2681,Gold Toe Women's 3-Pack Wimbledon Athletic Turn-Cuff Sock,3,2024,3
25075,Toy Machine Sect Eye Crew Socks - Men's,3,2024,3
22285,Ariat 7308 Men's Heritage Front Zip,3,2024,3
23846,Dickies Men's Snap Front Nylon Jacket,3,2024,3
19070,Calvin Klein Sportswear Men's Merino Color Blocked Crew Neck Sweater,3,2024,3
26160,HUGO BOSS Men's Experience Boxer Brief,3,2024,3
25717,C-IN2 Men's Pop Colors Army Trunk,3,2024,3
25001,Fox River Stryker Military Boot Socks,3,2024,3
15329,Fruit of the Loom Women's 6-Pack Crew Socks,3,2024,3
1366,Ladies White Long Sleeve Thermal Top Crew Neck,3,2024,3
26461,Calvin Klein Men's Micro Modal PJ Pant,3,2024,3
25798,CHAMPION Men's Tech Performance Short Boxer Brief - CTP3,3,2024,3
21131,StetsonÂ® Men's No.1520 Standard Straight Leg J,3,2024,3
21809,RVCA Men's Stay Cord Pant,3,2024,3
16455,Royal Robbins Men's Desert Pucker Long Sleeve Top,3,2024,3
24926,True Religion Men's Multi-Color Casual Cotton Crew Sock,3,2024,3
17096,Harley-DavidsonÂ® Men's Bar & Shield Hooded Sweatshirt. Black. House of Harley Graphics on Backside. 302900430,3,2024,3
23857,Mountain Hardwear Men's Downtown Coat,3,2024,3
28886,Reward Men's Santa Suspender,3,2024,3
5784,62I New Womens Skull Print Ladies Stretch Pull On Gothic Leggings,3,2024,3
23110,Nautica Men's Yarn Dye Flat Front Short,3,2024,3
11295,Heavenly Shapewear Women's Wear Your Own Bra Zip Front Bodysuit,3,2024,3
10771,Signature Lace Low Rise Thong 5-Pack,3,2024,3
19931,Men's Single Breasted Three Button Navy Dress Suit,3,2024,3
20433,Men's Single Breasted Three Button Taupe Dress Suit,3,2024,3
16529,American Apparel Tri-Blend Short Sleeve Track Shirt,3,2024,3
13504,Roxy Juniors 70's Wild Emotion Lowrider Swimsuit Bottom,3,2024,3
20007,Threads4Thought Men's Knit Collar Blazer,3,2024,3
4159,e.vil French Terry Jumper Embellished with crystals Angel Light Gray Size S,3,2024,3
8754,ASICS Women's Thermopolis LT Jacket,3,2024,3
23513,Burnside Men's Tadpole Novelty Short,3,2024,3
537,Allegra K Ladies Batwing Sleeve Solid Color Buttons Decor Back Loose Tunic Shirt Black L,3,2024,3
24059,Icebreaker Men's Legacy Coat,3,2024,3
5927,Twill Mini Leopard Printed Leggings,3,2024,3
5712,Hue Boot Cut Corduroy Leggings Style U13214,3,2024,3
4114,Allegra K Woman Leopard Prints Upper Zipper Back Tank Romper Light Gray Black XS,3,2024,2
1727,Volcom Juniors Be Bold Hydro Zip Sweatshirt,3,2024,2
11404,Non-Cling 13-14 Pettipants,3,2024,2
16294,Quiksilver Men's Mountain Wave Tee,3,2024,2
28416,Isotoner Men's SMARTOUCH STRETCH GLOVE W/FRONT PARTIAL GATHERS & STITCHING - FLEECE LINED,3,2024,2
3288,Plus Size Black Sequined Princess Ruffle Dress,3,2024,2
4268,Levi's 529 Misses Curvy Mid Rise Bootcut Jean,3,2024,2
10740,HANES WoMen's ComfortSoft Cotton Stretch No Lines Bikini - 3 Pairs - EV42AS,3,2024,2
4604,Silver Jeans Juniors Tuesday Bootcut Jean,3,2024,2
28877,Carrera 27 sunglasses,3,2024,2
28900,Spy Optic Helm Rectangle Sunglasses,3,2024,2
12687,Ann West Raglan Sleeve Shoulder Pads Style SPR6030,3,2024,2
8279,Carhartt Women's Womens Sandstone Canyon Jacket,3,2024,2
9709,Hello Kitty Juniors What's My Name Pajama Set,3,2024,2
24304,Perry Ellis Men's Tall Wool Open Bottom,3,2024,2
18836,Port Authority Men's Big Cotton Interlock Knit Turtleneck. K322,3,2024,2
15025,Jules & Jim Women's Maternity Sleeve Less Dress With Belt,3,2024,2
4644,Jolt Juniors Retro Flare Leg Jean,3,2024,2
8021,Lauren Ralph Lauren Striped Crown Jacket,3,2024,2
20041,Calvin Klein Mens 2 Button Solid Black Wool Suit,3,2024,2
27925,Quiksilver Waterman Men's Petrofish Volley Trunk,3,2024,2
11187,Bali Women's Light Control Tummy Panel Brief #8700,3,2024,2
27715,O'Neill Men's Hyperfreak Board-Shorts,3,2024,2
3519,FUNFASH SLIMMING BLACK EMPIRE WAIST COCKTAIL CRUISE DRESS Plus Size Made in USA,3,2024,2
7358,BCBGeneration Women's Seamless Pullup Skirt,3,2024,2
22500,American Apparel Work Pant,3,2024,2
14197,DG Eyewear Sunglasses White Frame Smoke Lens 37323 with Free Micro Fiber Bag,3,2024,2
10195,Adriana Arango High Quality Strawberry Pant Set 7477 Made in Colombia,3,2024,1
24759,SockGuy Men's Sasquatch 6 Inch Socks,3,2024,1
24575,K. Bell Socks Men's Rugby Sneaker Sock,3,2024,1
18569,Life is Good Men's Living Large Crusher Tee,3,2024,1
27371,Botany Solid Kimono Big Sizes,3,2024,1
3829,maxandcleo Women's April Dress,3,2024,1
311,Patty Women Unique Boat Neck O Ring Cut Out Shoulder 3/4 Sleeve Blouse Top,3,2024,1
10779,Hanes Womens Comfortsoft Waisband Boy Briefs,3,2024,1
25102,HANES Cushion Lo-Cut - 10 Pairs - 188/10,3,2024,1
19769,NEW ARRIVAL PERUVIAN ALPACA WOOL MENS SWEATER INDU VNECK DESIGN CHOCOLATE WARM & SOFT,3,2024,1
22266,Matix Men's Gripper Twill Pant,3,2024,1
9823,Mickey Mouse Raglan Nightshirt for Women,3,2024,1
23858,Members Only Men's Iconic Classic Racer,3,2024,1
2831,Woman Within Plus Size Tall Sweat Pants in easy fleece,3,2024,1
1205,Plus Size Cropped Floral Lace Bolero Shrug,3,2024,1
25353,SockGuy Men's Wooligan Socks,3,2024,1
16265,Columbia Men's New Utilizer Polo,3,2024,1
1006,Women's turtleneck cable knit long sleeve sweater with ribbed hemline,3,2024,1
3349,LnLClothing Ladies Fashion Fold Over Sweater Dress ID.65302.BR.3E,3,2024,1
13742,CASHMERE (PASHMINA) SHAWL REGULAR size from CASHMERE PASHMINA GROUP IN 55 VIBRANT COLORS,3,2024,1
5773,Sanctuary Clothing Women's Jet Set Ponte Legging,3,2024,1
28445,Dockers Men's Trifold Wallet,3,2024,1
5891,Hard Tail Full Length Low Rise Layering Leggings,3,2024,1
8349,Calvin Klein Women's Sb Lux Jacket,3,2024,1
4474,YMI Juniors Floral Skinny,3,2024,1
8404,London Fog Women's Double-Breasted Trench Coat,3,2024,1
4407,Wrangler Women's Cowgirl Cut Mid-Rise Ultimate Riding Jean,3,2024,1
11072,Cosabella Women's Soire Lr Bikini,3,2024,1
21064,RUDE Red Cloud Wash Skinny Jeans,3,2024,1
17652,Hurley Dayton's Pullover Hoodie - Men's,3,2024,1
5904,White Seamless Capri Leggings Three Quarter Length,3,2024,1
16684,Diesel Men's Stombol-S Shirt,3,2024,1
3788,50's Small Polka Dot Dress Blue,3,2024,1
10283,Bridal Stretch Silk Satin Kimono with Lace by Mary Green,3,2024,1
26249,C-IN2 Men's Zen Crew Neck Tee,3,2024,1
24987,Stance Men's Super Invisible Socks,3,2024,1
28314,Men's Italian Lambskin Cashmere Lined Winter Leather Gloves By Fratelli Orsini Everyday,3,2024,1
26267,Indera Mills Men's 2 Layer HydroPur Rib Knit Performance Thermal Drawers - Tall Sizes,3,2024,1
19208,Fred Perry Men's Zip Through Cardigan,3,2024,1
1068,LAmade Women's Long Sleeve Asymmetric Top,3,2024,1
20106,Mens Designer Purple Patterned Tuxedo Vest Set Match Tuxedo Vests Cufflinks Hanky and Ascot Tie for Suit Y&G VS2018,3,2024,1
6653,Oiselle Running Women's Bum Wrap Shorts,3,2024,1
122,Bella V-neck Sheer L/S Longer-Length Tee Comes in Many Colors,3,2024,1
18099,Men's UA EVO ColdGearÂ® Fitted Longsleeve Crew Tops by Under Armour,3,2024,1
3027,Cuddl Duds Women's Long Sleeve V-Neck Flexifit Outerwear,3,2024,1
6548,JET Corp Women's Over Dye Stretch Fit Short,3,2024,1
2555,Comfort Colors by Chouinard Women's Crewneck Stylish Sweatshirt. 1596,3,2024,1
10492,Maidenform Soft Cup Padded Nursing Bra,3,2024,1
16397,Quiksilver Waterman Centinela Short Sleeve Woven,3,2024,1
27553,Quiksilver Waterman Men's Rocky 2 Boardshort,3,2024,1
28086,Quiksilver Men's Celtics Boardshort,3,2023,12
11346,Maidenform Women's Control It Shiny Collection Strapless Bra,3,2023,12
11307,Bali Women's Light Control Brief #8500,3,2023,12
12427,Backless Babydoll Set-Black,3,2023,12
16695,VOLCOM Bunker Stripe Mens Polo Shirt,3,2023,12
26528,Bottoms Out Men's Flannel Sleepwear Gift Set,3,2023,12
3164,Eliza J Women's Sleeveless Dress with Tulip Skirt,3,2023,12
9361,Betsey Johnson Women's Zip Me Up In Your Love Crew,3,2023,12
29093,Tumi Men's Bravo Compact Wallet,3,2023,12
9114,Hanes Silk Reflections Women's Plus-Size 2 Pack Knee High,3,2023,12
21896,Elwood Men's Shuffler Classic Twill Chino Pant,3,2023,12
9943,Hue Sleepwear Women's Heathered Fleece Ready Set Go Thermal Sleepwear Set,3,2023,12
18616,Dickies Mens 13 Inch Loose Fit Cargo Short,3,2023,12
16202,Carhartt Men's Big-Tall Impact Logo Long Sleeve Pocket T-Shirt,3,2023,12
18381,Carhartt Men's Big-Tall Big C Signature Logo Midweight Sweatshirt,3,2023,12
23927,Carhartt Men's Astoria Jacket,3,2023,12
20197,Men's Single Breasted 2 Button Black/Burgundy Sport Coat,3,2023,12
24598,Basketball Socks Half Cushioned Crew Socks - Gray/Orange (One Size Fits All),3,2023,12
19723,Kenneth Cole Men's V-Neck Heathered Stripe Sweater,3,2023,12
14244,Adjustable Hand Knit Headwrap Headband Chunky Flower Wide Solid Black,3,2023,12
28356,Nike Golf Men's Tech Essentials Web Belt,3,2023,12
25176,Stacy Adams Mens 2-pack Tuxedo Silky Socks,3,2023,12
174,Chestnut Hill Ladies Performance Plus Long Sleeve Twill. CH605W,3,2023,12
28054,FALCON BAY Cargo Swim Shorts In 3 Colors #51030,3,2023,12
14561,Baby Be Mine Maternity / Nursing Nightgown with Matching Baby Romper and Hat,3,2023,12
22959,Metal Mulisha Men's Execute Walkshort,3,2023,12
22685,French Toast Pleated Adjustable Waist Double-Knee Pants (Husky Sizes),3,2023,12
10442,Playtex Women's Secrets No Slip No Ride-Up Underwire 4732 Bra,3,2023,12
3159,Jax Women's Lace Dress,3,2023,12
25547,Michael Kors Men's 3 Pack Brief,3,2023,12
25365,Stance Cromwell Socks - Men's,3,2023,12
27750,Oneill Men's Superfreak Printed Boardshort,3,2023,12
15682,Curve Appeal Cable Knit Assymetrical Buttonless Cardigan Shrug,3,2023,12
20066,Elegant Men's Shinny Grey Slim Fit Two Button Suit with Slim Notch Lapel with Black Satin Trim,3,2023,12
10606,Ahh Bra,3,2023,12
121,Bella Ladies 3.7 oz. Long-Sleeve Flowy Off Shoulder T-Shirt,3,2023,12
21533,Ralph Lauren Double RL RRL Men Slim Bootcut Jeans - Made in USA,3,2023,12
5743,Levi's Women's Sateen Legging,3,2023,12
20668,Levi's Men's 505 Classic Straight Fit Twill Pant,3,2023,12
1668,Roxy Juniors Blue Stream Kimono Sweater,3,2023,12
20527,Allegra K Mens Peaked Lapel Long Sleeve Stretchy Pockets Front Casual Blazer Black S,3,2023,12
12008,Dreamgirl Women's Plus Size Midnight Mistress Garter Slip,3,2023,12
17406,Allegra K Mens 2012 NEW Stylish Long Sleeve Slim Fitted Autumn Hoodie Jacket Coat Black S,3,2023,12
11492,Only Hearts Women's Second Skin 16 Inch Half Slip - 2173,3,2023,12
19143,Allegra K Men Long Sleeve Pullover Solid Color Autumn Sweater Coffee Color S,3,2023,11
481,Danskin Women's Zig-Zag Vest,3,2023,11
18081,Champion Men's Champion Eco Fleece Crew Sweatshirt,3,2023,11
10286,Casual Boxer Short,3,2023,11
26410,Activ Pouch Men's G-String Underwear By Gregg Homme,3,2023,11
17880,Vans Men's Occulta Hz Stripe Pull Over Hoodie Gray w/Thin Blue Stripes,3,2023,11
377,Three Dots Red Women's V Neck Swing Top,3,2023,11
9291,K. Bell Socks Women's Pin Stripe,3,2023,11
21736,Kenneth Cole REACTION Men's Smooth Sailing Modern Flat-Front Dress Pant,3,2023,11
18255,Carhartt Men's Big-Tall 3 Season Sweatshirt,3,2023,11
5573,Alfred Dunner Femme Fatale Flat Front Pants,3,2023,11
16470,Call Of Duty Black Ops II T-shirt,3,2023,11
17121,Southpole Men's Sleeveless Striped Full Zip Basic Vest With Hoody,3,2023,11
27973,O'Neill Men's Superfreak SE Boardshorts - Blue 33,3,2023,11
27470,Speedo Men's Team Collection Home Of The Fast Lycra Jammer Swimsuit,3,2023,11
20562,Levi's Men's 527 Slim Boot Cut Jean,3,2023,11
23497,Marc Ecko Cut & Sew Men's Boxed In Short,3,2023,11
17204,Billabong Men's Rasta Henley Pullover Hoodie,3,2023,10
19758,Allegra K Mens Fashion Long Sleeve Button Closure Pure Color Slim Fit Cardigan Olive Green S,3,2023,10
25438,Fruit of the Loom Men's 4-Pack Pocket Crew Neck Tonal Blues T-Shirt,3,2023,10
10000,WICKING COOL-JAMS 3-PIECE JILLIAN PAJAMA SET FOR TRAVEL AND HOT NIGHTS,3,2023,10
27059,ESPN Men's Microfleece Lounge Pants,3,2023,10
3020,Beyond Yoga Women's Low Rise Capri,3,2023,10
4343,Lee Women's Comfort Waist Milan Straight Leg Jean,3,2023,10
4965,Levi's Women's Plus Triple Needle Stitch Skinny Mid Rise Jean,3,2023,10
20663,Dickies Men's Loose Straight Fit Five Pocket Jean,3,2023,10
4035,Sleeveless Sweetheart Sequins Layered Sheer Evening Party Cocktail Dress S M L,3,2023,10
28431,Buff UV Head Cover,3,2023,10
4751,Joe's Jeans Women's Colored Chelsea Jean,3,2023,10
21254,Joe's Jeans Men's Rocker Jean,3,2023,10
23015,Geoffrey Beene Men's Flat Front Extender Short,3,2023,10
18833,Dockers Men's Center Argyle Crew Sweater,3,2023,10
3631,Jax Women's Crochet Dress,3,2023,10
21781,Savane Men's Dress Pants Striated Herringbone,3,2023,10
27084,Gray and Black Fleece Lounge Pants for Men,3,2023,10
23095,Silly yogi hemp and cotton mix shorts,3,2023,10
11278,American Apparel Printed Cotton Spandex Jersey Tank Thong,3,2023,10
20050,Tommy Hilfiger Men's Flat Front Sharkskin Pant,3,2023,10
6076,Allegra K Elastic Waist Skinny Stretchy Skirt Leggings for Women,3,2023,10
21684,Volcom Men's Frickin Modern Chino Pant,3,2023,9
17996,Allegra K Mens Deep V Neck Long Sleeves Stretchy Hoodie Coffee Color S,3,2023,9
16739,Why Haven't You Stopped Talking - Stewie - Family Guy T-shirt,3,2023,9
21381,Volcom Men's Enowen 30 Inch Inseam Jean,3,2023,9
6336,Amanda Uprichard Women's Brooklyn Short,3,2023,9
9907,Floral Flannel Gown - Women's Sizes,3,2023,9
23617,FOX Essex Mens Shorts,3,2023,9
27598,Diesel Men's Dolphdouble Short,3,2023,9
15770,Ray-Ban 4075P Rectangular Wrap Sunglasses,3,2023,9
27596,New Men's Sexy Center Patch Bikini Swimsuit 3G by Gregg Homme,3,2023,9
2786,Columbia Women's Taylor Trail Print Waffle Crew,3,2023,9
14308,Ladies Knit Texting Snowflake Mittens Convertible Fingerless Gloves,3,2023,9
21788,Falcon BayÂ® Big Mens Full Elastic Waist Casual Twill Pant (Big & Tall and Regular Sizes),3,2023,9
15724,Rasta Long Beanies-Black RGY W28S15C,3,2023,9
8096,Roamans Plus Size Pantsuit wtih Ruffled Duster Jacket,3,2023,9
28019,Metal Mulisha Unruly 4-Way Stretch Boardshort - Black/Red,3,2023,9
17588,Tri-Mountain Cotton/poly sueded finish hooded sweatshirt.,3,2023,9
17111,U.S. Polo Assn. Men's Hoodie With Big Pony,3,2023,9
21504,Faconnable Tailored Denim Men's Basic Stretch Pant,3,2023,9
25547,Michael Kors Men's 3 Pack Brief,3,2023,9
26803,Intimo Men's Printed Silk Robe,3,2023,9
10361,Wacoal Women's Awareness Full Figure Underwire Bra - 85567,3,2023,9
631,American Apparel Unisex Tri-Blend Short Sleeve Deep V-Neck,3,2023,9
4665,Democracy Women's champagne Coated Justice Jegging,3,2023,9
12578,Fashion Forms Women's Ultimate Peel Stick Push Up Cups Bra,3,2023,8
9734,Fashion High Quality Red Sleepwear SET 7501 - Small,3,2023,8
20873,Lucky Brand Jeans Men's Style: Slim Bootleg Lowrise Dark Colored,3,2023,8
21620,Cinch Western Denim Jeans Mens Cade Rlx Dk Wash MB97434001,3,2023,8
18380,Adidas Men's Athletic Full Zip 50/50 Hoodie,3,2023,8
22428,AXIS Men's Stretch Flat Front Pant,3,2023,8
19614,Nat Nast Men's On A Roll Pullover,3,2023,8
14172,Tom Ford Nikita FT0173 Sunglasses - 01B Shiny Black (Gradient Dark Gray Lens) - 55mm,3,2023,8
24927,Calvin Klein Men's Rayon From Bamboo Panelled Rib Dress Socks,3,2023,8
15434,BRAZA S1009 Body & Clothing Double Sided Flash Tape,3,2023,8
7969,GREEN BLUE JACKET CAMI 2-PC SET ASYM BATIK - FITS (ONE SIZE) - L 1X 2X - U922S LOTUSTRADERS,3,2023,8
25290,Izod Men's Non-Binding Rib Socks 3 Pair Pack,3,2023,8
2856,ExOfficio Women's Give-N-Go Tank Top,3,2023,8
4587,Wallflower Glitter Skinny Jeans,3,2023,7
26251,Kleinert's Mens' V-Neck Sweatproof Undershirt (With Underarm Protective Shields Sewn-In),3,2023,7
18528,ExOfficio BugsAway Purdom Vented Hiker Sock,3,2023,7
15946,Playtex Women's Secrets Super Soft Shaping Underwire,3,2023,7
19450,Diesel Men's K-Nahoa Sweater,3,2023,7
26815,Majestic International Men's Storm Chaser Flannel Lounge Pant,3,2023,7
12182,Felina Women's Amelia Bodysuit,3,2023,7
23262,True Nation Big & Tall Plaid Cargo Shorts,3,2023,7
17298,Matix Men's Asher Chambray Hoodie,3,2023,7
24125,Carhartt Men's Big-Tall Hooded Multi Pocket Jacket,3,2023,7
24202,Dockers Men's Limited Offer Washed Cotton Barracuda Jacket,3,2023,7
15382,Vanity Fair Women's Beautiful Benefits Full FIgure Contour Back Smoother Bra #76830,3,2023,7
1652,Hurley Juniors Getaway Sherpa Zip Hoodie,3,2023,7
9298,Warm Fuzzy 6 Pack Ballet Slipper No Show Non Skid Socks,3,2023,7
28088,O'Neill Young Men's Hyperfreak Superfly 2.0 Boardshort,3,2023,7
3661,Allegra K Woman V Neck Elastic Waist Leopard Print Chiffon Dress Coffee Color M,3,2023,7
830,Patty Women Comfy Long Sleeve Hooded Asym Hem Sweatercoat Knit Cardigan Jumper,3,2023,6
21053,RVCA Men's Daggers Denim Pant,3,2023,6
25082,Gold Toe Men's Manhattan 3 Pack,3,2023,6
3406,Allegra K Women Scoop Neck Cut out Shoulder Striped Hem Bat Sleeve Mini Dress Gray XS,3,2023,6
2724,Champion Women's Training Knee Pant,3,2023,6
28328,Geoffrey Beene Men's Leather Texting Glove,3,2023,6
311,Patty Women Unique Boat Neck O Ring Cut Out Shoulder 3/4 Sleeve Blouse Top,3,2023,6
826,Patty Women Stunning Strips Crew Neck Long Sleeve Knit Top Jumper,3,2023,5
27012,Hanro Men's Lexington Robe,3,2023,5
749,Ed Hardy Womens Basic Skull and Rose Crew Neck Tee Shirt-Black,3,2023,5
27545,Hurley Men's 4D Boardshort,3,2023,5
10648,Frederick's of Hollywood Heartbreaker Push-Up Bra Womens,3,2023,5
25726,Mens Flexible Fit Stretch Low Rise Body Trunks,3,2023,5
266,Neon Buddha Women's Plus Size Cowl Neck Tunic,3,2023,5
11841,Underglam Brown Tan Hawaii V-Neck Tank S,3,2023,5
11137,Squeem Magical Lingerie Shapewear Firm Compression Short-Vest,3,2023,5
428,Nike Golf 354067 Ladies Dri-FIT Micro Pique Polo.,3,2023,4
5932,Shiny Metallic Full Leggings Stretchy Footless Blue,3,2023,4
18694,Champion C22C CH 50/50 Full Zip Hood Jt,3,2023,4
26656,Pookies Have More Funds in Bed Print,3,2023,4
25118,Incrediwear Tall Outdoor/Dress Socks,3,2023,4
25685,Calvin Klein Men's Bold Boxer Brief,3,2023,4